PWM,Ticks
0,0
1,0
2,0
3,0
4,0
5,0
6,0
7,0
8,0
9,1
10,0
11,0
12,0
13,112
14,247
15,314
16,368
17,413
18,456
19,496
20,532
21,564
22,596
23,625
24,652
25,677
26,701
27,723
28,742
29,760
30,777
31,794
32,809
33,823
34,837
35,850
36,864
37,881
38,895
39,905
40,913
41,921
42,930
43,938
44,946
45,955
46,961
47,966
48,971
49,974
50,981
51,987
52,992
53,995
54,998
55,1001
56,1006
57,1010
58,1014
59,1017
60,1021
61,1025
62,1027
63,1033
64,1034
65,1038
66,1042
67,1045
68,1049
69,1050
70,1051
71,1055
72,1057
73,1062
74,1066
75,1068
76,1071
77,1073
78,1074
79,1075
80,1079
81,1081
82,1082
83,1084
84,1088
85,1089
86,1091
87,1093
88,1096
89,1100
90,1099
91,1100
92,1101
93,1103
94,1106
95,1108
96,1108
97,1109
98,1111
99,1114
100,1127